Limpieza de archivos junto con eliminar binarios,https://www.github.com/belisariops/ATK/commit/87d2fb825956c236b03facb523fa1d41e27f0383,-0.00000001
Merge con muchos menos binarios,https://www.github.com/belisariops/ATK/commit/d8292d27a09003ab328ddea215d0ea6e84b3c942,-0.00000001
Revert no se agrega mucho,https://www.github.com/Hawkline451/TeraCity/commit/3ca064a4a5b68fae921fdaf301e065560765bb74,-0.001
Arreglo el gradle solamente,https://www.github.com/Hawkline451/TeraCity/commit/fcb254584e368f6329416fa29ea33dd585446ac2,-0.003
Cambia el formato quitando algunas func,https://www.github.com/PaperTanuki/mochadoom/commit/81418106ed2b64d0209b1344477a5826e8716969,-0.05
Un revert ,https://www.github.com/belisariops/ATK/commit/ae819c77324c24b3858ff436df8107bd594375db,-0.015
Solamente borra unos archivos,https://www.github.com/JSwingRipples2016/jswingripples/commit/e59951c006e2d333f048f0a971741c3b351a55fc,-0.015
"Borra artos, pero agrega artas cosas tambien",https://www.github.com/belisariops/ATK/commit/799eb2998ca6188bd5f2122c500a28c14b696f12,-0.07
No es de este semestre ,https://www.github.com/Hawkline451/TeraCity/commit/be0e84c9a9fe7ae7e8ce69921ef6815351c7644b,0
Solo borra no aporta mucho,https://www.github.com/JSwingRipples2016/jswingripples/commit/416d2c11def44bd7009d682a6dec0b5f6d7093e8,-0.02
No es de este semestre ,https://www.github.com/Hawkline451/TeraCity/commit/abc047c83557e37a49f781ba9fae6ebc166c6813,0
"Cambios de tipo, alguas fun menos ",https://www.github.com/JSwingRipples2016/jswingripples/commit/11f6f8526358d3783c6792281e603afe09c4cee0,-0.04
No es de este semestre ,https://www.github.com/belisariops/ATK/commit/adf628f7b9b2375507768fec913858d0902fa4ad,0
"Agrega varias cosasa, pero quita gradle",https://www.github.com/Hawkline451/TeraCity/commit/5f86ea60ea6519d1b58648e93334c260fb14d778,-0.17
Borro artas funciones inutiles,https://www.github.com/JSwingRipples2016/jswingripples/commit/3fb25b1fa830e0179bdd9139c2933d1965ff5d18,-0.1
Borro puros import,https://www.github.com/belisariops/ATK/commit/93acda712fc24200be5e975f0a24cffd19a29d20,-0.03
Limpieza de interfaces,https://www.github.com/JSwingRipples2016/jswingripples/commit/75413f3dec38615cb7ac7849d00ba7a631ddcdaa,-0.08
Limpieza de clases,https://www.github.com/JSwingRipples2016/jswingripples/commit/3b5ea4fed9b1c3a759e2a3d244eaa359448e7aef,-0.1
Eliminando funciones no usadas,https://www.github.com/JSwingRipples2016/jswingripples/commit/a1922a7aa5110b9a557ce467231af79b9ffb283b,-0.1
No es de este semestre ,https://www.github.com/belisariops/ATK/commit/a7417a6399a8360dea7591790d0d64ce77491046,0
Se simplifica funciones,https://www.github.com/PaperTanuki/mochadoom/commit/e839d8f485244d3bf20c729e6e5cb73fd9aab9b1,-0.1
Se simplifica funciones,https://www.github.com/JSwingRipples2016/jswingripples/commit/6b6672ca613f654f54a7e76b917bcc9468d0b460,-0.1
Remplaza codigo ,https://www.github.com/JSwingRipples2016/jswingripples/commit/36905454ec28cfe22cba16fb2d5d89a4a72035c9,-0.3
Borra clase,https://www.github.com/JSwingRipples2016/jswingripples/commit/d253172d88a277d1b016a77926ad5f6084f4d28d,-0.1
Limpia imports,https://www.github.com/belisariops/ATK/commit/484eb0dff0ad53ea8e82a9beb6c38f6202b2b645,-0.1
Remplazo de una funcion,https://www.github.com/belisariops/ATK/commit/b01b83453b5c777b7ff0ddf106042e9beec13c3e,-0.1
Cambia algunaas funciones borrando otras,https://www.github.com/PaperTanuki/mochadoom/commit/d7e0033a43208f7bffad8be60ca37352c109be4b,-0.3
Cambio de signatures,https://www.github.com/JSwingRipples2016/jswingripples/commit/4e558b9b4bf7964ed1f6ef819244dbcb78fa020f,-0.1
Borra comentarios cambio signatures,https://www.github.com/PaperTanuki/mochadoom/commit/6c235338525d77f6ec7157e830cf5b1a1d9c6674,-0.1
Agrega funcionalidad cambia funciones,https://www.github.com/belisariops/ATK/commit/02f03fc82c4811a9acd4abbb613b9d392bb2da22,-0.3
Borra funciones no usadas,https://www.github.com/JSwingRipples2016/jswingripples/commit/9ff2ea21fd00ddba066b311a2fc3196daef80b0a,-0.1
No es de este semestre ,https://www.github.com/belisariops/ATK/commit/54b6bc56eb7436c816107faffae76f79176eec22,0
Cambios menores de clases,https://www.github.com/JSwingRipples2016/jswingripples/commit/943f8b19ab02a1a0ba4020b0b6e0a72985dcf57d,-0.1
Cambia funcion y limpia codigo,https://www.github.com/Hawkline451/TeraCity/commit/2f1cac416ce823b189bff78a834bba9334ae23da,-0.6
Remueve codigo sin usar,https://www.github.com/JSwingRipples2016/jswingripples/commit/6cd9e15f885c3e905fd5a86c89972c89223e680e,-0.1
Remueve codigo sin usar,https://www.github.com/JSwingRipples2016/jswingripples/commit/5d02f7f9a709c5f4c29f32c20d94b7cd205a1f43,-0.1
Limpieza de funciones remplazo por nuevas,https://www.github.com/JSwingRipples2016/jswingripples/commit/91f3568c5afc0872f941211c8afb3c8537bc789b,-0.1
No es de este semestre ,https://www.github.com/belisariops/ATK/commit/e6ed14af1ffbc395721560b598a98ff69e9cbe8a,0
No es de este semestre ,https://www.github.com/Hawkline451/TeraCity/commit/db28704d8b1a1a8f7e8e5045e5986ea356572f76,0
arregla bug,https://www.github.com/JSwingRipples2016/jswingripples/commit/a5248c0845b04ae6905258c253bd9cdaadb5e181,-1
Remueve comentarios,https://www.github.com/JSwingRipples2016/jswingripples/commit/97c7fd39d071df53dcbdebc7cc52caff6995bd89,-0.1
Agrega try catch lipiar codigo,https://www.github.com/JSwingRipples2016/jswingripples/commit/6d48568af9dec98d6df4b886bfb0c3a739618d44,-0.6
Modifica metodo,https://www.github.com/JSwingRipples2016/jswingripples/commit/e940c430f5b64d6a355cddd09bbe71169d14700b,-1.3
arregla imports,https://www.github.com/belisariops/ATK/commit/4c0051c8611302feb0e0a86010f0c4b9770c0346,-0.5
remueve clase que no se usa,https://www.github.com/JSwingRipples2016/jswingripples/commit/d39133ce5ce12d788680cd03b844e8771a31220d,-0.5
remueve metodo que no se usa,https://www.github.com/JSwingRipples2016/jswingripples/commit/1e0979f84e9c2a3a757f124d3097e9a8be6bd98e,-0.5
remueve import,https://www.github.com/JSwingRipples2016/jswingripples/commit/d4ddf067a968f113213710e56bfcfb709993fac5,-0.3
rename funcion,https://www.github.com/JSwingRipples2016/jswingripples/commit/61263a5eb8f0e06fb86d2c14914949b8ce729a2d,-0.7
cambios menores y anade imagenes,https://www.github.com/belisariops/ATK/commit/a78f6e8e1f047ddf879668af14a620a071e602d3,-1
Agrega funcion y refactor,https://www.github.com/JSwingRipples2016/jswingripples/commit/60d45f47466f43b11ec36f717add4906f35313fa,-1
-1,https://www.github.com/JSwingRipples2016/jswingripples/commit/8fd10a3861c027936b9fdf25a48937aef0bb035b,-1
-1,https://www.github.com/JSwingRipples2016/jswingripples/commit/fe5d63fe0518cbf4d7473423b812abc4e376b2a0,-1
-1,https://www.github.com/JSwingRipples2016/jswingripples/commit/189c01242ff67180995345d1e2c7cdd82fa9ea38,-1
-1,https://www.github.com/PaperTanuki/mochadoom/commit/8beac9cfda2940dea79f0c185af448c5bb56450c,-1
-1,https://www.github.com/JSwingRipples2016/jswingripples/commit/2b541985e272dc1f09d117f62222c6c354a45fe1,-1
-1,https://www.github.com/JSwingRipples2016/jswingripples/commit/18fd91748b89a386d384867a63a658fb705949e1,-1
-1,https://www.github.com/Hawkline451/TeraCity/commit/e3531cbc19b7d654afcc348ff87b7d60d80696cd,-1
-1,https://www.github.com/JSwingRipples2016/jswingripples/commit/f64e3ab37fb2b33e50088cfc09a716a84ce83056,-1
-1,https://www.github.com/JSwingRipples2016/jswingripples/commit/7b15ebb3851911a2bf7520ddd4eac752661edb2c,-1
-1,https://www.github.com/JSwingRipples2016/jswingripples/commit/d339f1ce7af6f8f9cf6b09706fedb26d33e3f502,-1
-1,https://www.github.com/PaperTanuki/mochadoom/commit/6f84f04a666a7ec8e669b584aaa86fdbbebcc6be,-1
-1,https://www.github.com/belisariops/ATK/commit/51e5f6f6e3b3408ecee3bb45da5cc9dc57149efc,-1
-1,https://www.github.com/belisariops/ATK/commit/144f1dbd396452ce9ea343b84d91569b9b470abf,-1
-1,https://www.github.com/belisariops/ATK/commit/d624af47e2348c5bd469c90a5ea701e60b40dd58,0.3
-1,https://www.github.com/belisariops/ATK/commit/5294ca7fe07762fbb185eda267eeec425c7282ed,0.3
-1,https://www.github.com/belisariops/ATK/commit/3742abfdd9f83e201f97d5a955b4c77768a1c181,0.3
-1,https://www.github.com/PaperTanuki/mochadoom/commit/6a9c17d313205a38d71fe6c0950dda2938f16b0b,0.3
-1,https://www.github.com/belisariops/ATK/commit/60f63c4b1f5ab929ba9084c30e7e9751c1df35a6,0.3
-1,https://www.github.com/PaperTanuki/mochadoom/commit/a10eee8f8362157f48892136e63c1709bf8f001a,0.3
-1,https://www.github.com/Hawkline451/TeraCity/commit/891577af669fb3d78723e2ef17e62ca11eb2eb00,0.3
-1,https://www.github.com/Hawkline451/TeraCity/commit/782a2095aec58ec86b61e02afd5ff41bf2e4249e,0.3
-1,https://www.github.com/belisariops/ATK/commit/57286e8ca62edbdef457491216654b99829a158d,0.3
-1,https://www.github.com/JSwingRipples2016/jswingripples/commit/5ab350a73cc4bcdffdc73d8a350be3dc7575b8ae,0.3
-1,https://www.github.com/belisariops/ATK/commit/f5a330dbaaee241c7002ad0efd24902c06e50d41,0.3
-1,https://www.github.com/JSwingRipples2016/jswingripples/commit/f48e9cd909a46d2f38231a4068f54f240506d74d,0.3
,https://www.github.com/belisariops/ATK/commit/ac065ea4ce84b9d15c9249f304334150efedde70,0.3
-1,https://www.github.com/belisariops/ATK/commit/f527be6e4ff22ef03af2dd11aae4f9cfa28db809,0.3
-1,https://www.github.com/belisariops/ATK/commit/07a6f447abcc88f0a6ab1df19fcbe59dce326eaf,0.3
-1,https://www.github.com/PaperTanuki/mochadoom/commit/1a7bfd1c657a5337ab323a52e15ee1747b710ce7,0.3
-1,https://www.github.com/belisariops/ATK/commit/365b791c6c4b23418ca031c7ff756219e2beeddf,0.3
-1,https://www.github.com/belisariops/ATK/commit/819f07be2ace17e449562ab8b8ed26e3378d19ea,0.3
-1,https://www.github.com/PaperTanuki/mochadoom/commit/87fa1049e269af9e2ce9a1a5ef01f93e6360e4b1,0.3
-1,https://www.github.com/belisariops/ATK/commit/ac7d577bd206393c76db5356fa626492726da748,0.3
-1,https://www.github.com/PaperTanuki/mochadoom/commit/4b402fd33f463192319a6ce91ac8c99437814517,0.3
-1,https://www.github.com/belisariops/ATK/commit/b3f9d846aef26320f8c11a0f50c678d1d82d3e8d,0.3
-1,https://www.github.com/belisariops/ATK/commit/4eb8f660ca66e44a15580dca328bb1f0db1ec1b7,0.3
-1,https://www.github.com/JSwingRipples2016/jswingripples/commit/edf3da2c4189365be801560758c238d10c8041da,0.3
-1,https://www.github.com/PaperTanuki/mochadoom/commit/49e03b3200d14928181ae54a9ef2299b76b1590d,0.3
-1,https://www.github.com/JSwingRipples2016/jswingripples/commit/91ca81e38dcf805ca61e88441d0202da6249b748,0.3
-1,https://www.github.com/belisariops/ATK/commit/b7d48f12aee88f806c78cdbebd3d3feba4242335,0.3
-1,https://www.github.com/JSwingRipples2016/jswingripples/commit/cf8ede1911e683317eade6788222d78f7c94fc62,0.3
-1,https://www.github.com/belisariops/ATK/commit/5ae5d9c6b8b28d86b866544302329d7c50757d38,0.3
-1,https://www.github.com/JSwingRipples2016/jswingripples/commit/efaaf4f5fe4aadcdd905ad3697fbef5deb931f6d,0.3
-1,https://www.github.com/belisariops/ATK/commit/f934e358e01b1b3f33d92c0b4daba30a64777103,0.3
-1,https://www.github.com/Hawkline451/TeraCity/commit/d4fd6757af809b364730c8ac9a93d77dc133dd1d,0.3
-1,https://www.github.com/JSwingRipples2016/jswingripples/commit/11f7951ed856f6c077f8ee09df7b848620389e6b,0.3
-1,https://www.github.com/JSwingRipples2016/jswingripples/commit/f347ffd336dc029bc51d961d0f08c27c29b0b57a,0.3
-1,https://www.github.com/belisariops/ATK/commit/3a48430d0501dfda50889c7fa55630a64bd9dc89,0.3
-1,https://www.github.com/JSwingRipples2016/jswingripples/commit/937446ebe418696c5567299bb92509a0c4a81cb6,0.3
-1,https://www.github.com/JSwingRipples2016/jswingripples/commit/16abd1f0772ef5f5e2a7b3c379728a1ff4aae160,0.3
-1,https://www.github.com/belisariops/ATK/commit/6b540d666c993e42fe262f3f184c378502d09cf5,0.3
-1,https://www.github.com/belisariops/ATK/commit/ef5ed896811547a349e55709287613b621318b2e,0.3
-1,https://www.github.com/Hawkline451/TeraCity/commit/52a5c41dc6908c8c20385c604b68accc28d8dd9d,0.3
-1,https://www.github.com/belisariops/ATK/commit/9d4b5013e105cf757b72bef2d3aab4297f854140,0.3
-1,https://www.github.com/Hawkline451/TeraCity/commit/8288ae79a64169daafbaeec0f56d8aa9b8e7c42e,0.3
-1,https://www.github.com/belisariops/ATK/commit/130db4f68319b9af630219f10bd1e34b2f36576b,0.3
-1,https://www.github.com/belisariops/ATK/commit/9020b6fb9877e3161d244bca7fac728d1ee9afaa,0.3
-1,https://www.github.com/JSwingRipples2016/jswingripples/commit/eba86f4cc04b96523f1a0c78edabdb0a4fe83c0a,0.3
-1,https://www.github.com/belisariops/ATK/commit/cb52b1f06437085ed84a5c220cccc8605df9320a,0.3
-1,https://www.github.com/belisariops/ATK/commit/1eacc7f0b07bfecaecf80ee7ea1f8473c51b0f17,0.3
-1,https://www.github.com/JSwingRipples2016/jswingripples/commit/a93b3a88c39a155baec40718622b0d7c95726813,0.3
-1,https://www.github.com/belisariops/ATK/commit/ca4305650ef8a62843c77ac2345e687b59e3dfe3,0.3
-1,https://www.github.com/belisariops/ATK/commit/0a2ca5cdb7741f4d9d860c573bf362a4091ff35a,0.3
-1,https://www.github.com/Hawkline451/TeraCity/commit/8a87f19057a88da2c5a889a0da9963f8eebf6487,0.3
-1,https://www.github.com/JSwingRipples2016/jswingripples/commit/ead0f6a17a127bc9a86dace4fcd394336e6eb957,0.3
-1,https://www.github.com/belisariops/ATK/commit/744e7186c5f63b15d90b82cf316207a3dc68d7d3,0.3
-1,https://www.github.com/belisariops/ATK/commit/7e2517e55d545e3e9ec3893267316009a0717ed3,0.3
-1,https://www.github.com/PaperTanuki/mochadoom/commit/3e6902c12731a0000ee2328285b0c9c38b755a95,0.3
-1,https://www.github.com/belisariops/ATK/commit/6c1c8adc0623bf224e7be57c92afc8072f4588d9,0.3
-1,https://www.github.com/belisariops/ATK/commit/3ad8f99540074d700fa741947d0622415a695264,0.3
-1,https://www.github.com/JSwingRipples2016/jswingripples/commit/7964c7bce8de3879de3cb157a99546320abab7f2,0.3
-1,https://www.github.com/belisariops/ATK/commit/086080dc4a0c5845015723cbdfd32a59f6888d26,0.3
-1,https://www.github.com/PaperTanuki/mochadoom/commit/50d3c5aa3efdaa7199f184eaa5062768d05db94f,0.3
-1,https://www.github.com/belisariops/ATK/commit/6414313c90c91ba8aa8fbd450a6227c7c14b46da,0.3
-1,https://www.github.com/Hawkline451/TeraCity/commit/a2191bf1fe35b47ca0c1b969e8096ca1e798eb01,0.3
-1,https://www.github.com/Hawkline451/TeraCity/commit/71078c73c4fc4015f46cbf9c7b50409444a0e3ac,0.3
-1,https://www.github.com/JSwingRipples2016/jswingripples/commit/f0ec7517b9a27845ee152b7e4f2b346bcc1c6931,0.3
-1,https://www.github.com/Hawkline451/TeraCity/commit/3adf558900a04c5a292897ccff9a99ce3ce35d6f,0.3
-1,https://www.github.com/Hawkline451/TeraCity/commit/5fff183364b4f1ffa74dc62c46cd74ad4d94e898,0.3
-1,https://www.github.com/JSwingRipples2016/jswingripples/commit/6c9b28458a958096f4fabc462ee64a423fd2aa97,0.3
-1,https://www.github.com/JSwingRipples2016/jswingripples/commit/f654ee93c12f1bd52c6b28bf6f21b9f7e5e726cf,0.3
-1,https://www.github.com/belisariops/ATK/commit/e65fc0d7ae6da07e128629fa486eae6c9a11411b,0.3
-1,https://www.github.com/Hawkline451/TeraCity/commit/a6071b311501a82fb3d61e1b05c125caef7c2d71,0.3
-1,https://www.github.com/JSwingRipples2016/jswingripples/commit/a6d38cbc414c6369d51ff350f291587c9a4a06f5,0.3
-1,https://www.github.com/JSwingRipples2016/jswingripples/commit/2ad5fa0d51e706a3ea29588f548e9a48a18338b7,0.3
-1,https://www.github.com/belisariops/ATK/commit/1afee52be75179f895021e43d4b94e4d6b728076,0.3
-1,https://www.github.com/JSwingRipples2016/jswingripples/commit/90919d63daca57e18b850a66a245aad38b1414cf,0.3
-1,https://www.github.com/belisariops/ATK/commit/11b6611d16e04c3d1b111996d235ade8800f3630,0.3
-1,https://www.github.com/belisariops/ATK/commit/dd7f8e2e23f2132f3e48c34c6e20fd1e34489736,0.3
-1,https://www.github.com/JSwingRipples2016/jswingripples/commit/d30d11bd718b0e0d31c79194093d51cc3fb2f278,0.3
-1,https://www.github.com/belisariops/ATK/commit/45037137f92f5429f2b526b05aab4e65c4943e85,0.3
-1,https://www.github.com/belisariops/ATK/commit/630d30cb211f7031efa8477622ff37f19c426e7e,0.3
-1,https://www.github.com/JSwingRipples2016/jswingripples/commit/247c4407793e22ff1b3fbd19235dc7e9f2bede29,0.3
-1,https://www.github.com/JSwingRipples2016/jswingripples/commit/1e9b50a64183409ade743b699f9704984dc196cd,0.3
-1,https://www.github.com/JSwingRipples2016/jswingripples/commit/95d2f9c67b0c5aacdabdfb4441ade31aacac3890,0.3
-1,https://www.github.com/belisariops/ATK/commit/0c6598cf3d0423b5409d3c96e0243984c2b4f2f1,0.3
-1,https://www.github.com/JSwingRipples2016/jswingripples/commit/0a2c0e4892fae6b2cd4dcdd53aaf1316c263bd6b,0.3
-1,https://www.github.com/Hawkline451/TeraCity/commit/8ef1099c93d6d2e78d12ea9561286fcd3b5c032d,0.3
-1,https://www.github.com/belisariops/ATK/commit/e766d1b4847591e62981ca46ee48a6d8815ab041,0.3
-1,https://www.github.com/belisariops/ATK/commit/0aa58f16ed789ade8c854a8f879bb9ccc2ab316c,0.3
-1,https://www.github.com/belisariops/ATK/commit/3f69fe472f188c9207484dd98e1873253dbd4167,0.3
-1,https://www.github.com/Hawkline451/TeraCity/commit/80574b85f57b933c06727108fa9bebb77401785f,0.3
-1,https://www.github.com/belisariops/ATK/commit/2db3bc0867a5553375fc92212552d3c52381d466,0.3
-1,https://www.github.com/belisariops/ATK/commit/89cda6b87a50c115f4be7cf3fbb507672aa84683,0.3
-1,https://www.github.com/PaperTanuki/mochadoom/commit/58288cb2bff20299c92529b1cfe8a81283d8ca65,0.3
-1,https://www.github.com/belisariops/ATK/commit/89e8fefa1072000a1496efcec52d3614a78b7fc2,0.3
-1,https://www.github.com/belisariops/ATK/commit/bbf071a5522ddb1a6ec06c8ee90ff281060c3f49,0.3
-1,https://www.github.com/JSwingRipples2016/jswingripples/commit/fbe34a60bf18fd52663dd152127f1d59f65e6f13,0.3
-1,https://www.github.com/PaperTanuki/mochadoom/commit/0357776bc1105686d656f70476b76608fe0cc847,0.3
-1,https://www.github.com/JSwingRipples2016/jswingripples/commit/2012d4cf08cd382bde7fedff5ad49b06a08c6cb8,0.3
-1,https://www.github.com/belisariops/ATK/commit/4d3d584eff1ba9be768a3ab86ffa5466bcf42234,0.3
-1,https://www.github.com/belisariops/ATK/commit/28188c2ede5b0d2358aba131f2c7457305cbac78,0.3
-1,https://www.github.com/belisariops/ATK/commit/9b1501b04603e55d47a8fb4528a2b5d13f6a4de4,0.3
-1,https://www.github.com/belisariops/ATK/commit/6f5842dbb6cb0ddfd9003a326a67ef206a3cb6cf,0.3
-1,https://www.github.com/PaperTanuki/mochadoom/commit/2896352b955d7510e2c65febea022edd6ebd0554,0.3
-1,https://www.github.com/JSwingRipples2016/jswingripples/commit/4c67d9948927b057dc3daada261397b6daf18ea9,0.3
-1,https://www.github.com/JSwingRipples2016/jswingripples/commit/8b7532bac4a1e7a4a10626eeec2dd956da74d875,0.2
-1,https://www.github.com/JSwingRipples2016/jswingripples/commit/2b8b7dbb4da5712675d30c28884a7a9d0bd7f1cd,0.2
-1,https://www.github.com/belisariops/ATK/commit/3a36453298f38b62b33b016dca33e11bd94574d8,0.2
-1,https://www.github.com/Hawkline451/TeraCity/commit/7468601aad1ad181e716debaa91bc79011f1206d,0.2
-1,https://www.github.com/JSwingRipples2016/jswingripples/commit/2731e58120f44f08e0d3c8839fca3d39d63ed1e1,0.2
-1,https://www.github.com/belisariops/ATK/commit/9a12b2210aa11fd33207296eb5e2d66154fc0773,0.2
-1,https://www.github.com/Hawkline451/TeraCity/commit/86ce994e4ab0eedb1379f3e1131421afc8bbaf27,0.2
-1,https://www.github.com/PaperTanuki/mochadoom/commit/9201a0622935f55c38bfd8c7ca9ee32411a5c14f,0.2
-1,https://www.github.com/belisariops/ATK/commit/f0038ae0cab54d524f3e60bfded9f11954fb2a38,0.2
-1,https://www.github.com/belisariops/ATK/commit/0809d7c12cec4a70dbe4f1282388dfea48d0d7f4,0.2
-1,https://www.github.com/Hawkline451/TeraCity/commit/f5c3a7084d070ec3e21b2e0eab889193f6951904,0.2
-1,https://www.github.com/belisariops/ATK/commit/33a687b955727c4cef11f5c3bf7449a6fb384bf3,0.2
-1,https://www.github.com/belisariops/ATK/commit/4805cfcac77b758a76da59e0ac3e20bd65a1a64c,0.2
-1,https://www.github.com/JSwingRipples2016/jswingripples/commit/faeac127de15eb891098e3c2addb6927c731a9f9,0.2
-1,https://www.github.com/belisariops/ATK/commit/6049a24e8d6ca36ee8a944309f3cef5bfcdd15b5,0.2
-1,https://www.github.com/PaperTanuki/mochadoom/commit/e680627d42fde7b3cd8c9143931dab65b0151702,0.2
-1,https://www.github.com/belisariops/ATK/commit/809226628270326bdf5fb43b7586b78dfc350a64,0.2
-1,https://www.github.com/belisariops/ATK/commit/e5da65b16acced834c5c0122b0177e5dadd676c0,0.2
-1,https://www.github.com/Hawkline451/TeraCity/commit/c01389f46eb1d62f738669033fe9473fefcb7aeb,0.2
-1,https://www.github.com/belisariops/ATK/commit/d82656b73492bc0c84b0c88ac1a3303e66aad2f2,0.2
-1,https://www.github.com/JSwingRipples2016/jswingripples/commit/73e1aeff558536118f275d037e2dc071df090d7d,0.2
-1,https://www.github.com/PaperTanuki/mochadoom/commit/ab5fb561358b2d0e82603345f9ae0076bace7920,0.2
-1,https://www.github.com/belisariops/ATK/commit/3d598ddcfc66dc082a54d61db108c6c6fb28faf0,0.2
-1,https://www.github.com/belisariops/ATK/commit/cefe4942706b805a9d1edcab785484fdfcf8ebfe,0.2
-1,https://www.github.com/belisariops/ATK/commit/20daee7b03a5838d790ff9070da4c2369cfbb36b,0.2
-1,https://www.github.com/belisariops/ATK/commit/1d0362ade864477a25ab1e3d5023afe85806c094,0.2
-1,https://www.github.com/belisariops/ATK/commit/58f306b79cec45bc9747ea1ee660762ed28620ae,0.2
-1,https://www.github.com/PaperTanuki/mochadoom/commit/8ef2eefb4f1a62dfc580a33ae40da0d908618ebc,0.2
-1,https://www.github.com/belisariops/ATK/commit/bbd7131c4aab6b20bc3007e9a4693ad1d841a1af,0.2
-1,https://www.github.com/Hawkline451/TeraCity/commit/5a3921bc7ea0dc875d126c32957dfe61d19887f4,0.2
-1,https://www.github.com/belisariops/ATK/commit/9343013cc4e00bf1ee7603331539a35c3742f6e2,0.2
-1,https://www.github.com/belisariops/ATK/commit/cc908d550006b4bbfc4a7043cd05ce84f962008e,0.2
-1,https://www.github.com/belisariops/ATK/commit/86d3b5563e27d59c85aadb9a34c667930a2e7621,0.2
-1,https://www.github.com/belisariops/ATK/commit/640e73d7d524284b8bb978b6e90e9d852c60603b,0.2
-1,https://www.github.com/belisariops/ATK/commit/7f69790d0a993f8569909152955ace410bd92b70,0.2
-1,https://www.github.com/belisariops/ATK/commit/66cbef659620a000e205a1110c255481dfb6b7ce,0.2
-1,https://www.github.com/belisariops/ATK/commit/1ecdc22fbea6e5e1248284d4f87b40e201fbc273,0.2
-1,https://www.github.com/JSwingRipples2016/jswingripples/commit/8a9a0d461becd103ef4346a90572b0527c9b8692,0.2
-1,https://www.github.com/PaperTanuki/mochadoom/commit/57b15bbd467cc80dac5628d2d65793492404981e,0.2
-1,https://www.github.com/JSwingRipples2016/jswingripples/commit/04959ceb667da365d649a85514505978ac4692c1,0.2
-1,https://www.github.com/belisariops/ATK/commit/ddcf00e814598b800c7e063c43c20ff6e739279e,0.2
-1,https://www.github.com/belisariops/ATK/commit/6cfdb024b88039568f9f16d7a8beadc965a849ea,0.2
-1,https://www.github.com/JSwingRipples2016/jswingripples/commit/bd288202b64cfa90373b6c2ab1c816b7ae5f02ae,0.2
-1,https://www.github.com/belisariops/ATK/commit/50d21218fe2758f7ef97b3ef4b2c51a47ffb0013,0.2
-1,https://www.github.com/belisariops/ATK/commit/30c440219d40eb51d6d2cbebc985ae35410afaaa,0.2
-1,https://www.github.com/belisariops/ATK/commit/488f0b8d388707a74d6ec725c1146386726ea666,0.2
-1,https://www.github.com/PaperTanuki/mochadoom/commit/160a07f9eb2aeb51f54027abd6ce80a1b4a683cd,0.2
-1,https://www.github.com/Hawkline451/TeraCity/commit/27ab814b086e2705c674e30f3103bccb557dadb5,0.2
-1,https://www.github.com/belisariops/ATK/commit/439bc9c0febb74638b8ecef227d761c9f9739577,0.2
-1,https://www.github.com/JSwingRipples2016/jswingripples/commit/959e9241b99428e77f3e1842d60c8da0e42f0362,0.2
-1,https://www.github.com/Hawkline451/TeraCity/commit/65fda906e3d5844150b35d6715bd2b1f5fc33c4a,0.2
-1,https://www.github.com/JSwingRipples2016/jswingripples/commit/fec4b26f0dc3ad90ea293a6d637cb6a80ac6e962,0.2
-1,https://www.github.com/belisariops/ATK/commit/d2715aa69480d57fb2fd630a5ba0bd706e8d3b36,0.2
-1,https://www.github.com/belisariops/ATK/commit/23a86f060d960a2a7487265250923d648ab2bc82,0.2
-1,https://www.github.com/belisariops/ATK/commit/23a86f060d960a2a7487265250923d648ab2bc82,0.2
-1,https://www.github.com/belisariops/ATK/commit/9d3e11e3efba3ea617937dc1a69f6256c409b4ea,0.2
-1,https://www.github.com/belisariops/ATK/commit/6822e0a6ef671d5abbabea22cf5cbdd81f7b8846,0.2
-1,https://www.github.com/JSwingRipples2016/jswingripples/commit/5ba633f92a1a98d3f9938ce943e8114515f2dc07,0.2
-1,https://www.github.com/JSwingRipples2016/jswingripples/commit/32975335c1df92b26a42e65134e249d585b83035,0.2
-1,https://www.github.com/belisariops/ATK/commit/2103823e3dd501e17b22fa9e7c40585f883dae53,0.2
-1,https://www.github.com/belisariops/ATK/commit/5fcc7adf71205229fe3246c1435cf08c7561a3e5,0.2
-1,https://www.github.com/belisariops/ATK/commit/62eb88bdc25b731acd6ecaf3fbccee605dc05114,0.2
-1,https://www.github.com/JSwingRipples2016/jswingripples/commit/a9e1662b52ddbda8c9d2acac003de01e988ee423,0.2
-1,https://www.github.com/belisariops/ATK/commit/ca68e742f1db447f5a5067ca47837bbe17ed7da1,0.2
-1,https://www.github.com/belisariops/ATK/commit/3a678aab771e8f36099c34a0b88e260b1976e22f,0.2
-1,https://www.github.com/JSwingRipples2016/jswingripples/commit/1daf84eabe967de151d9b80f66d0908dfe3b5047,0.2
-1,https://www.github.com/belisariops/ATK/commit/df332bbcc077b598a40ee848c0fa258c8ec311e3,0.2
-1,https://www.github.com/PaperTanuki/mochadoom/commit/cf4ac8dacf08d48419e7a986be72ef781ea310f5,0.2
-1,https://www.github.com/Hawkline451/TeraCity/commit/d6eb7f3ad4506f96d3ed263641cd0e47d69b5f9f,0.2
-1,https://www.github.com/Hawkline451/TeraCity/commit/7ca243c3a59a3d25c15eb79fc0a40d852100f96f,0.2
-1,https://www.github.com/belisariops/ATK/commit/27d3f6f0f61768b989b4572a7cfde956c23ebfde,0.2
-1,https://www.github.com/JSwingRipples2016/jswingripples/commit/df2ea4500a4f97c43fff465a18b8ce7ca2c5dbbb,0.2
-1,https://www.github.com/belisariops/ATK/commit/b064a2396eed1ac94d9b809d202fbaf20342214d,0.2
-1,https://www.github.com/belisariops/ATK/commit/b94c4a77105b51706ceffff58e379d98a4c046cb,0.2
-1,https://www.github.com/belisariops/ATK/commit/61750a3f0ae1ff0d802c89c9bbbbafd31f85791d,0.2
-1,https://www.github.com/belisariops/ATK/commit/e5ee78e211d865b4779a487b9cd6d9874a92c344,0.2
-1,https://www.github.com/belisariops/ATK/commit/604d0df6e00f0e73bfe81ae136d109b81586ddfb,0.2
-1,https://www.github.com/Hawkline451/TeraCity/commit/bb3e20234c2a2c068c84a8d6fa66643354bb5725,0.2
-1,https://www.github.com/Hawkline451/TeraCity/commit/025d937aa6a0100d5c4ae366d4e3a86f9f2475ea,0.2
-1,https://www.github.com/belisariops/ATK/commit/8f0b466a3c6cd983b7d4d3cd7bd3be0ae1c1ba62,0.2
-1,https://www.github.com/belisariops/ATK/commit/c0da70206faaf684cd043966e7a1ffe27f177e32,0.2
-1,https://www.github.com/Hawkline451/TeraCity/commit/71b80f42ed4b4fbd32feb7080aab9f6a7e7eb641,0.2
-1,https://www.github.com/belisariops/ATK/commit/d6bbc920b167a22d82ec3a6b262619d2d191b8cc,0.2
-1,https://www.github.com/belisariops/ATK/commit/95b79005a5ddede18f0fa276b940858f8741b86a,0.2
-1,https://www.github.com/belisariops/ATK/commit/06e4908be5abcb3f338202767f02afa6fe607f72,0.2
-1,https://www.github.com/belisariops/ATK/commit/5e7bc43b2a20954486d68ab00ab8b2e829c6d288,0.2
-1,https://www.github.com/belisariops/ATK/commit/f8b9a84aa746a83bd389ca2c71c6ca8bb1704e38,0.2
-1,https://www.github.com/belisariops/ATK/commit/7f2f0564639915dc6e1e58d1a244b0e9505f928b,0.2
-1,https://www.github.com/belisariops/ATK/commit/b7497f63542edb012e929cc896ee04bb88bcb87b,0.2
-1,https://www.github.com/belisariops/ATK/commit/cd1723ec023150aea97046a9156fe4f11ad426d4,0.2
-1,https://www.github.com/belisariops/ATK/commit/632ee584c9af6740af85d5e9f75e0c694622b175,0.2
-1,https://www.github.com/belisariops/ATK/commit/63eb8d6bc28344a67fe7a451deb02ab0612c1905,0.2
-1,https://www.github.com/belisariops/ATK/commit/a12cda6f627a1b814d6cfc1ca810550a8250a5dc,0.2
-1,https://www.github.com/belisariops/ATK/commit/af0212e887dd92992c1f5290a4457e9f6c49825f,0.2
-1,https://www.github.com/Hawkline451/TeraCity/commit/f1d28cd5c3365e47f7829a45642058d7dc8f8c40,0.2
-1,https://www.github.com/belisariops/ATK/commit/6a1ae60a8277e05f4f04f22e2a61df97b91b62be,0.2
-1,https://www.github.com/belisariops/ATK/commit/295ec21e155ae32854ff5c9c9a869e26b1beb0a0,0.2
-1,https://www.github.com/belisariops/ATK/commit/3927224e5a51827714b28fc64155dff757bff482,0.2
-1,https://www.github.com/belisariops/ATK/commit/857bcbcdfbd9aedba587ef96269770cc1f6ce596,0.2
-1,https://www.github.com/Hawkline451/TeraCity/commit/a6863e30d45309d932e470a91db4b324e78592d4,0.2
Commiter no es de este semestre,https://www.github.com/JSwingRipples2016/jswingripples/commit/1997d7ec51c09e53999f98fc879daf54f8e66f16,0
Commiter no es de este semestre,https://www.github.com/Hawkline451/TeraCity/commit/9f7554ea697a932c6f0c243ea23789777b438a5f,0
"Refactor intenso, se justifica el puntaje, solo se normaliza.",https://www.github.com/belisariops/ATK/commit/e799384448a2b52d529793801dff09761aafa60b,0.5
Son puros comentarios,https://www.github.com/belisariops/ATK/commit/441d2d10df24fe43b6d44e0a4afb053bfd9dc3bb,0
Normalizando,https://www.github.com/belisariops/ATK/commit/05f17b8561c74884853b81df3498cbb491070ef5,0.1
Commiter no es de este semestre,https://www.github.com/belisariops/ATK/commit/d8f6e7800fb97e9dca7724a3c0fe8f4dd0237908,0
Puntaje Normalizado,https://www.github.com/belisariops/ATK/commit/0b025d55e239469aea34fc157446f8da72f6c841,0.05
Puntaje Normalizado,https://www.github.com/belisariops/ATK/commit/e506c0dc72a55ca5990afc1f0a9da1fec74ddf22,0.05
Puntaje Normalizado,https://www.github.com/PaperTanuki/mochadoom/commit/62112a2692544add558a05d634d9d9463d2690f5,0.1
Commiter no es de este semestre,https://www.github.com/belisariops/ATK/commit/59418fae179ff72f61aa1bc4b187112172c12b22,0
Commiter no es de este semestre,https://www.github.com/Hawkline451/TeraCity/commit/eb82da878e285a024f7b05cd1307918e5b869823,0
Commiter no es de este semestre,https://www.github.com/Hawkline451/TeraCity/commit/2af548137d96bba2166531d19fb91517e3188e18,0
Commiter no es de este semestre,https://www.github.com/belisariops/ATK/commit/f986d2c8bd4b8dd9943a3446cd005f7ea5462342,0
Commiter no es de este semestre,https://www.github.com/belisariops/ATK/commit/27d84613063645790a9625b31c2ece284debe503,0
"Líneas se justifican, se modificaron hartos archivos significativamente",https://www.github.com/Hawkline451/TeraCity/commit/51317fe84230aba18befc72932a1f43bb56c2b58,0.5
Commiter no es de este semestre,https://www.github.com/belisariops/ATK/commit/a741ab75879aa5b731a949265200030fe774ceb1,0
Inserción de lineas no es tan significativa,https://www.github.com/belisariops/ATK/commit/07dc0c5040ee6c8ee4a472be4c2473178dc83f21,0.05
"Líneas se justifican, se agregó harta lógica al juego",https://www.github.com/belisariops/ATK/commit/c9fe65aef11b0ba1e5c50f3dcefc44c09d6af293,0.5
Commiter no es de este semestre,https://www.github.com/belisariops/ATK/commit/b801421f99e7658b81776b025c2d0844149b8963,0
Código redundante,https://www.github.com/belisariops/ATK/commit/4a79be37f666bc4d02c8cb98e66aa956632affd5,0.05
Commiter no es de este semestre,https://www.github.com/Hawkline451/TeraCity/commit/a4dd19b8f8c2f000512298c66e5098c0e87ecca6,0
Commiter no es de este semestre,https://www.github.com/Hawkline451/TeraCity/commit/0559cb4bc2da981c22db3abf5305bc390a08bd9c,0
Commiter no es de este semestre,https://www.github.com/belisariops/ATK/commit/efaf9fc9b44b6780a3f8166d990f11816171b20e,0
Commiter no es de este semestre,https://www.github.com/belisariops/ATK/commit/84d776f7c5044438b51211db20485ec8865b3fcb,0
Commitcompuesto fundamentalmente por binarios,https://www.github.com/PaperTanuki/mochadoom/commit/95478ff70136709921d1e77d9734ceff374851f8,0.01
El commit se compone fundamentalmente de agregar líneas vacías,https://www.github.com/belisariops/ATK/commit/2167aecccd79e7e0a841806ada4237c3402ac990,0
Puntaje Normalizado,https://www.github.com/PaperTanuki/mochadoom/commit/c09c2ba402973553a0a8a936bd8e4f81c380f966,0.1
Commiter no es de este semestre,https://www.github.com/belisariops/ATK/commit/4c6f216585a31bdf56a1aa4dcc3b170435b455ec,0
Commiter no es de este semestre,https://www.github.com/belisariops/ATK/commit/af8aed862a038f4c3ad19580d41fd5dce37f45f5,0
Puntaje Normalizado,https://www.github.com/belisariops/ATK/commit/11859cb3905c20af1716c2b7bb01521b465167fb,0.1
Puntaje normalizado,https://www.github.com/belisariops/ATK/commit/97b3c2076631dbea96fd94a96dc0a7f67ca4278f,0.1
Commiter no es de este semestre,https://www.github.com/belisariops/ATK/commit/1101d5949ce7df407de68984ee84472e01f6b419,0
Commiter no es de este semestre,https://www.github.com/belisariops/ATK/commit/880c220ae10ff1693054f07cbb0144be74653026,0
Commiter no es de este semestre,https://www.github.com/belisariops/ATK/commit/be5e8e5151391fb42194948b31276b8b9b3af5bc,0
Commiter no es de este semestre,https://www.github.com/belisariops/ATK/commit/a2f30f07188d47259f781c7d2d9d4cf366f3a10a,0
Codigo redundante,https://www.github.com/belisariops/ATK/commit/7f4288b3d713922f770d8045f46cf195b3bb3b04,0.02
Commiter no es de este semestre,https://www.github.com/belisariops/ATK/commit/7aa3a453873f50a427f74323a83563a45527e365,0
Commiteadas preferencias de eclipse ._.,https://www.github.com/PaperTanuki/mochadoom/commit/7b3f0e2245da17fb493e21c9100b84f78b25100c,0
El código es bastante redundante,https://www.github.com/belisariops/ATK/commit/898c5c76d041c5703e4487eebbdb7fdefb400d87,0.01
Commiter no es de este semestre,https://www.github.com/belisariops/ATK/commit/0abc0be0161f365dd69885cfb0cfc07d66911b8f,0
Commiter no es de este semestre,https://www.github.com/belisariops/ATK/commit/c962b4cdd0debbfc88eb988f30db63877eddf9bc,0
Commiter no es de este semestre,https://www.github.com/belisariops/ATK/commit/40432a56a606c05d186e32962c6961a2fb938f04,0
Commiter no es de este semestre,https://www.github.com/belisariops/ATK/commit/2ee767982be7db88bfb63564ee1bea4fca6606c3,0
Commiter no es de este semestre,https://www.github.com/belisariops/ATK/commit/cd5e21b30591f12be9d7c9711cfd1261b48bba8d,0
Commit compuesto mayormente por adición de texturas,https://www.github.com/Hawkline451/TeraCity/commit/a18d4feca8fe87160acb6ae7edf98276278405c5,0
casi todas las lineas corresponden al build.gradle,https://www.github.com/Hawkline451/TeraCity/commit/8a8fd6b17f792a47288ba0531b90d50367c6795e,0
es una reversión,https://www.github.com/Hawkline451/TeraCity/commit/9ba3546f513c55891a53e0ccb1cc3ea2052bc5ff,0
Commit compuesto mayormente por adición de texturas,https://www.github.com/Hawkline451/TeraCity/commit/78750b402e3a63bd2e47ff5af4fac4276002e2b3,0.003
Commit compuesto mayormente por adición de archivos binarios (sonidos al juego),https://www.github.com/Hawkline451/TeraCity/commit/da0640a85665511668b288c81b154e80ddc71cb4,0.002
Commiter no es de este semestre,https://www.github.com/Hawkline451/TeraCity/commit/a3eaa16f5687ba5a484595c545f30d67dac14e7e,0